ID,Тип учреждения,Номер,Количество учащихся,Район,Ссылка
edu,Школа,1,225,Авиастроительный,https://edu.tatar.ru/aviastroit/edu.tatar
page2189,Школа,37,1290,Авиастроительный,https://edu.tatar.ru/aviastroit/page2189.htm
lic_145,Школа,145,437,Авиастроительный,https://edu.tatar.ru/aviastroit/lic_145
page2201,Школа,168,180,Авиастроительный,https://edu.tatar.ru/aviastroit/page2201.htm
sch147,Школа,147,393,Авиастроительный,https://edu.tatar.ru/aviastroit/sch147
page2194,Школа,112,1160,Авиастроительный,https://edu.tatar.ru/aviastroit/page2194.htm
page2190,Школа,54,1130,Авиастроительный,https://edu.tatar.ru/aviastroit/page2190.htm
sch060,Школа,60,893,Авиастроительный,https://edu.tatar.ru/aviastroit/sch060
page2185,Школа,10,538,Авиастроительный,https://edu.tatar.ru/aviastroit/page2185.htm
avia_sch33,Школа,33,1540,Авиастроительный,https://edu.tatar.ru/aviastroit/avia_sch33
page2188,Школа,36,673,Авиастроительный,https://edu.tatar.ru/aviastroit/page2188.htm
page2196,Школа,117,813,Авиастроительный,https://edu.tatar.ru/aviastroit/page2196.htm
page2197,Школа,119,606,Авиастроительный,https://edu.tatar.ru/aviastroit/page2197.htm
page2193,Школа,77,1035,Авиастроительный,https://edu.tatar.ru/aviastroit/page2193.htm
sch062,Школа,62,1736,Авиастроительный,https://edu.tatar.ru/aviastroit/sch062
page2184,Школа,5,748,Авиастроительный,https://edu.tatar.ru/aviastroit/page2184.htm
page2212,Школа,1,597,Вахитовский,https://edu.tatar.ru/vahit/page2212.htm
page2213,Школа,1,292,Вахитовский,https://edu.tatar.ru/vahit/page2213.htm
page2214,Школа,3,677,Вахитовский,https://edu.tatar.ru/vahit/page2214.htm
page2219,Школа,12,784,Вахитовский,https://edu.tatar.ru/vahit/page2219.htm
page2221,Школа,13,478,Вахитовский,https://edu.tatar.ru/vahit/page2221.htm
page2222,Школа,14,254,Вахитовский,https://edu.tatar.ru/vahit/page2222.htm
eng18,Школа,18,1037,Вахитовский,https://edu.tatar.ru/vahit/eng18
page2224,Школа,27,746,Вахитовский,https://edu.tatar.ru/vahit/page2224.htm
page2225,Школа,28,501,Вахитовский,https://edu.tatar.ru/vahit/page2225.htm
sch39,Школа,39,1463,Вахитовский,https://edu.tatar.ru/vahit/kzn/sch39
page2230,Школа,41,296,Вахитовский,https://edu.tatar.ru/vahit/page2230.htm
school51_kazan,Школа,51,427,Вахитовский,https://edu.tatar.ru/vahit/school51_kazan
page2232,Школа,80,841,Вахитовский,https://edu.tatar.ru/vahit/page2232.htm
page2233,Школа,96,1085,Вахитовский,https://edu.tatar.ru/vahit/page2233.htm
page2235,Школа,116,891,Вахитовский,https://edu.tatar.ru/vahit/page2235.htm
fml131,Школа,131,692,Вахитовский,https://edu.tatar.ru/vahit/fml131
dou15,Детский сад,15,280,Вахитовский,https://edu.tatar.ru/vahit/dou15
page85761,Детский сад,24,60,Вахитовский,https://edu.tatar.ru/vahit/page85761.htm
page85764,Детский сад,34,135,Вахитовский,https://edu.tatar.ru/vahit/page85764.htm
page85785,Детский сад,37,0,Вахитовский,https://edu.tatar.ru/vahit/page85785.htm
page85782,Детский сад,49,139,Вахитовский,https://edu.tatar.ru/vahit/page85782.htm
page85781,Детский сад,63,118,Вахитовский,https://edu.tatar.ru/vahit/page85781.htm
page85762,Детский сад,77,156,Вахитовский,https://edu.tatar.ru/vahit/page85762.htm
page85775,Детский сад,102,50,Вахитовский,https://edu.tatar.ru/vahit/page85775.htm
dou136,Детский сад,136,143,Вахитовский,https://edu.tatar.ru/vahit/dou136
page85766,Детский сад,188,170,Вахитовский,https://edu.tatar.ru/vahit/page85766.htm
ds_190,Детский сад,190,0,Вахитовский,https://edu.tatar.ru/vahit/ds_190
page85780,Детский сад,209,175,Вахитовский,https://edu.tatar.ru/vahit/page85780.htm
page162090,Детский сад,212,185,Вахитовский,https://edu.tatar.ru/vahit/page162090.htm
page85776,Детский сад,214,152,Вахитовский,https://edu.tatar.ru/vahit/page85776.htm
dou255,Детский сад,255,136,Вахитовский,https://edu.tatar.ru/vahit/dou255
page85777,Детский сад,260,115,Вахитовский,https://edu.tatar.ru/vahit/page85777.htm
page85768,Детский сад,263,110,Вахитовский,https://edu.tatar.ru/vahit/page85768.htm
page85772,Детский сад,273,160,Вахитовский,https://edu.tatar.ru/vahit/page85772.htm
ds_283,Детский сад,283,136,Вахитовский,https://edu.tatar.ru/vahit/ds_283
page85773,Детский сад,289,136,Вахитовский,https://edu.tatar.ru/vahit/page85773.htm
dou312,Детский сад,312,152,Вахитовский,https://edu.tatar.ru/vahit/kazan/dou312
page85759,Детский сад,322,203,Вахитовский,https://edu.tatar.ru/vahit/page85759.htm
page2255608,Детский сад,89,133,Вахитовский,https://edu.tatar.ru/vahit/page2255608.htm
page2258,Школа,3,546,Кировский,https://edu.tatar.ru/kirov/page2258.htm
page2259,Школа,4,785,Кировский,https://edu.tatar.ru/kirov/page2259.htm
page2261,Школа,4,324,Кировский,https://edu.tatar.ru/kirov/page2261.htm
page2243,Школа,8,705,Кировский,https://edu.tatar.ru/kirov/page2243.htm
page2260,Школа,15,522,Кировский,https://edu.tatar.ru/kirov/page2260.htm
page2244,Школа,32,686,Кировский,https://edu.tatar.ru/kirov/page2244.htm
org2172,Школа,50,474,Кировский,https://edu.tatar.ru/kirov/org2172
sch57,Школа,57,860,Кировский,https://edu.tatar.ru/kirov/sch57
page2249,Школа,67,402,Кировский,https://edu.tatar.ru/kirov/page2249.htm
page2250,Школа,70,1076,Кировский,https://edu.tatar.ru/kirov/page2250.htm
page2252,Школа,81,645,Кировский,https://edu.tatar.ru/kirov/page2252.htm
gimn152,Школа,152,1075,Кировский,https://edu.tatar.ru/kirov/gimn152.htm
school153,Школа,153,565,Кировский,https://edu.tatar.ru/kirov/school153
school-int7,Школа,7,136,Кировский,https://edu.tatar.ru/kirov/school-int7
licey182,Школа,182,2874,Кировский,https://edu.tatar.ru/kirov/licey182
org6894,Школа,189,1950,Кировский,https://edu.tatar.ru/kirov/org6894
org6917,Школа,188,1729,Кировский,https://edu.tatar.ru/kirov/org6917
detsad_2,Детский сад,2,291,Кировский,https://edu.tatar.ru/kirov/detsad_2
page161264,Детский сад,30,126,Кировский,https://edu.tatar.ru/kirov/page161264.htm
dou62,Детский сад,62,64,Кировский,https://edu.tatar.ru/kirov/kazan/dou62.htm
page85815,Детский сад,69,158,Кировский,https://edu.tatar.ru/kirov/page85815.htm
page85809,Детский сад,75,115,Кировский,https://edu.tatar.ru/kirov/page85809.htm
page85793,Детский сад,88,272,Кировский,https://edu.tatar.ru/kirov/page85793.htm
page85803,Детский сад,92,114,Кировский,https://edu.tatar.ru/kirov/page85803.htm
page85799,Детский сад,95,156,Кировский,https://edu.tatar.ru/kirov/page85799.htm
page85822,Детский сад,147,295,Кировский,https://edu.tatar.ru/kirov/page85822.htm
page85825,Детский сад,226,138,Кировский,https://edu.tatar.ru/kirov/page85825.htm
dou228,Детский сад,228,236,Кировский,https://edu.tatar.ru/kirov/kirovsk/dou228
page85800,Детский сад,243,0,Кировский,https://edu.tatar.ru/kirov/page85800.htm
page85808,Детский сад,252,255,Кировский,https://edu.tatar.ru/kirov/page85808.htm
page85812,Детский сад,281,123,Кировский,https://edu.tatar.ru/kirov/page85812.htm
page85813,Детский сад,288,115,Кировский,https://edu.tatar.ru/kirov/page85813.htm
page85816,Детский сад,321,119,Кировский,https://edu.tatar.ru/kirov/page85816.htm
page85814,Детский сад,334,156,Кировский,https://edu.tatar.ru/kirov/page85814.htm
page85817,Детский сад,350,167,Кировский,https://edu.tatar.ru/kirov/page85817.htm
dou351,Детский сад,351,160,Кировский,https://edu.tatar.ru/kirov/dou351
detsad378,Детский сад,378,97,Кировский,https://edu.tatar.ru/kirov/kazan/detsad378
page85801,Детский сад,417,122,Кировский,https://edu.tatar.ru/kirov/page85801.htm
page2088364,Детский сад,81,344,Кировский,https://edu.tatar.ru/kirov/page2088364.htm
page2186390,Детский сад,80,145,Кировский,https://edu.tatar.ru/kirov/page2186390.htm
page2199114,Детский сад,83,288,Кировский,https://edu.tatar.ru/kirov/page2199114.htm
page2200353,Детский сад,82,227,Кировский,https://edu.tatar.ru/kirov/page2200353.htm
page2993575,Детский сад,128,333,Кировский,https://edu.tatar.ru/kirov/page2993575.htm
page3152989,Детский сад,133,365,Кировский,https://edu.tatar.ru/kirov/page3152989.htm
page3186841,Детский сад,134,366,Кировский,https://edu.tatar.ru/kirov/page3186841.htm
page3941251,Детский сад,38,141,Кировский,https://edu.tatar.ru/kirov/page3941251.htm
page3941256,Детский сад,121,380,Кировский,https://edu.tatar.ru/kirov/page3941256.htm
page3941263,Детский сад,132,349,Кировский,https://edu.tatar.ru/kirov/page3941263.htm
org6882,Детский сад,7,397,Кировский,https://edu.tatar.ru/kirov/org6882
org6890,Детский сад,44,404,Кировский,https://edu.tatar.ru/kirov/org6890
org6891,Детский сад,45,0,Кировский,https://edu.tatar.ru/kirov/org6891
org6904,Детский сад,101,404,Кировский,https://edu.tatar.ru/kirov/org6904
org6924,Детский сад,46,364,Кировский,https://edu.tatar.ru/kirov/org6924
page2218,Школа,12,449,Московский,https://edu.tatar.ru/moskow/page2218.htm
page2284,Школа,2,893,Московский,https://edu.tatar.ru/moskow/page2284.htm
lyceum,Школа,2,325,Московский,https://edu.tatar.ru/moskow/lyceum
page2285,Школа,9,898,Московский,https://edu.tatar.ru/moskow/page2285.htm
page2286,Школа,17,502,Московский,https://edu.tatar.ru/moskow/page2286.htm
sch20kzn,Школа,20,854,Московский,https://edu.tatar.ru/moskow/sch20kzn
page2269,Школа,34,811,Московский,https://edu.tatar.ru/moskow/page2269.htm
page2270,Школа,55,824,Московский,https://edu.tatar.ru/moskow/page2270.htm
school64,Школа,64,559,Московский,https://edu.tatar.ru/moskow/school64.htm
page2272,Школа,65,571,Московский,https://edu.tatar.ru/moskow/page2272.htm
gym_75,Школа,75,1006,Московский,https://edu.tatar.ru/moskow/gym_75
page2275,Школа,87,864,Московский,https://edu.tatar.ru/moskow/page2275.htm
gym94,Школа,94,1099,Московский,https://edu.tatar.ru/moskow/gym94.htm
sch99,Школа,99,645,Московский,https://edu.tatar.ru/moskow/sch99
page2280,Школа,120,604,Московский,https://edu.tatar.ru/moskow/page2280.htm
page2282,Школа,130,1125,Московский,https://edu.tatar.ru/moskow/page2282.htm
schc061,Школа,61,409,Московский,https://edu.tatar.ru/moskow/schc061
about,Детский сад,58,75,Московский,https://edu.tatar.ru/moskow/about
madou97,Детский сад,97,142,Московский,https://edu.tatar.ru/moskow/madou97
madou105,Детский сад,105,159,Московский,https://edu.tatar.ru/moskow/madou105
page85853,Детский сад,107,175,Московский,https://edu.tatar.ru/moskow/page85853.htm
dou149,Детский сад,149,40,Московский,https://edu.tatar.ru/moskow/dou149
page85867,Детский сад,164,82,Московский,https://edu.tatar.ru/moskow/page85867.htm
page85881,Детский сад,174,123,Московский,https://edu.tatar.ru/moskow/page85881.htm
dou184,Детский сад,184,89,Московский,https://edu.tatar.ru/moskow/dou184
page85878,Детский сад,200,115,Московский,https://edu.tatar.ru/moskow/page85878.htm
madou207,Детский сад,207,148,Московский,https://edu.tatar.ru/moskow/madou207
page85871,Детский сад,217,126,Московский,https://edu.tatar.ru/moskow/page85871.htm
dou221,Детский сад,221,105,Московский,https://edu.tatar.ru/moskow/dou221
page85865,Детский сад,234,200,Московский,https://edu.tatar.ru/moskow/page85865.htm
page85887,Детский сад,240,160,Московский,https://edu.tatar.ru/moskow/page85887.htm
page85888,Детский сад,262,246,Московский,https://edu.tatar.ru/moskow/page85888.htm
page85886,Детский сад,279,220,Московский,https://edu.tatar.ru/moskow/page85886.htm
page85851,Детский сад,282,160,Московский,https://edu.tatar.ru/moskow/page85851.htm
page85879,Детский сад,286,67,Московский,https://edu.tatar.ru/moskow/page85879.htm
dou291,Детский сад,291,157,Московский,https://edu.tatar.ru/moskow/dou291
page85874,Детский сад,294,112,Московский,https://edu.tatar.ru/moskow/page85874.htm
page85833,Детский сад,295,80,Московский,https://edu.tatar.ru/moskow/page85833.htm
page85872,Детский сад,314,211,Московский,https://edu.tatar.ru/moskow/page85872.htm
page85873,Детский сад,311,191,Московский,https://edu.tatar.ru/moskow/page85873.htm
page85863,Детский сад,317,86,Московский,https://edu.tatar.ru/moskow/page85863.htm
dou339,Детский сад,339,306,Московский,https://edu.tatar.ru/moskow/dou339
page85849,Детский сад,340,213,Московский,https://edu.tatar.ru/moskow/page85849.htm
dou345,Детский сад,345,139,Московский,https://edu.tatar.ru/moskow/dou345
page85834,Детский сад,355,229,Московский,https://edu.tatar.ru/moskow/page85834.htm
page85841,Детский сад,372,203,Московский,https://edu.tatar.ru/moskow/page85841.htm
detsad376,Детский сад,376,371,Московский,https://edu.tatar.ru/moskow/kazan/detsad376
page85855,Детский сад,381,170,Московский,https://edu.tatar.ru/moskow/page85855.htm
page85839,Детский сад,395,233,Московский,https://edu.tatar.ru/moskow/page85839.htm
dou_403,Детский сад,403,116,Московский,https://edu.tatar.ru/moskow/dou_403
page2195588,Детский сад,84,118,Московский,https://edu.tatar.ru/moskow/page2195588.htm
org6919,Детский сад,Без номера,50,Московский,https://edu.tatar.ru/moskow/org6919
page2298,Школа,9,814,Ново-Савиновский,https://edu.tatar.ru/nsav/page2298.htm
page2297,Школа,7,893,Ново-Савиновский,https://edu.tatar.ru/nsav/page2297.htm
page2299,Школа,13,408,Ново-Савиновский,https://edu.tatar.ru/nsav/page2299.htm
sch_25,Школа,25,243,Ново-Савиновский,https://edu.tatar.ru/nsav/sch_25
page2303,Школа,38,662,Ново-Савиновский,https://edu.tatar.ru/nsav/page2303.htm
page2304,Школа,43,850,Ново-Савиновский,https://edu.tatar.ru/nsav/page2304.htm
page2306,Школа,49,1087,Ново-Савиновский,https://edu.tatar.ru/nsav/page2306.htm
page2307,Школа,71,867,Ново-Савиновский,https://edu.tatar.ru/nsav/page2307.htm
schkola85,Школа,85,1059,Ново-Савиновский,https://edu.tatar.ru/nsav/schkola85.htm
page2309,Школа,89,1001,Ново-Савиновский,https://edu.tatar.ru/nsav/page2309.htm
sch91,Школа,91,722,Ново-Савиновский,https://edu.tatar.ru/nsav/sch91
sch113,Школа,113,817,Ново-Савиновский,https://edu.tatar.ru/nsav/sch113
page2313,Школа,132,925,Ново-Савиновский,https://edu.tatar.ru/nsav/page2313.htm
sch143,Школа,143,1026,Ново-Савиновский,https://edu.tatar.ru/nsav/kzn/sch143
licey146,Школа,146,1514,Ново-Савиновский,https://edu.tatar.ru/nsav/licey146
page2319,Школа,7,244,Ново-Савиновский,https://edu.tatar.ru/nsav/page2319.htm
licey177,Школа,177,1836,Ново-Савиновский,https://edu.tatar.ru/nsav/licey177.htm
page85892,Школа,360,301,Ново-Савиновский,https://edu.tatar.ru/nsav/page85892.htm
sch30,Школа,30,205,Ново-Савиновский,https://edu.tatar.ru/nsav/sch30
gimn179,Школа,179,2053,Ново-Савиновский,https://edu.tatar.ru/nsav/gimn179.htm
org6966,Школа,107,1944,Ново-Савиновский,https://edu.tatar.ru/nsav/org6966
page85890,Детский сад,302,342,Ново-Савиновский,https://edu.tatar.ru/nsav/page85890.htm
page85896,Детский сад,306,139,Ново-Савиновский,https://edu.tatar.ru/nsav/page85896.htm
page85898,Детский сад,346,266,Ново-Савиновский,https://edu.tatar.ru/nsav/page85898.htm
page85900,Детский сад,203,334,Ново-Савиновский,https://edu.tatar.ru/nsav/page85900.htm
page85902,Детский сад,165,171,Ново-Савиновский,https://edu.tatar.ru/nsav/page85902.htm
page85904,Детский сад,254,229,Ново-Савиновский,https://edu.tatar.ru/nsav/page85904.htm
page85910,Детский сад,275,142,Ново-Савиновский,https://edu.tatar.ru/nsav/page85910.htm
page85912,Детский сад,250,204,Ново-Савиновский,https://edu.tatar.ru/nsav/page85912.htm
page85916,Детский сад,93,134,Ново-Савиновский,https://edu.tatar.ru/nsav/page85916.htm
page85918,Детский сад,337,186,Ново-Савиновский,https://edu.tatar.ru/nsav/page85918.htm
page85922,Детский сад,405,144,Ново-Савиновский,https://edu.tatar.ru/nsav/page85922.htm
page85923,Детский сад,338,92,Ново-Савиновский,https://edu.tatar.ru/nsav/page85923.htm
page85925,Детский сад,401,290,Ново-Савиновский,https://edu.tatar.ru/nsav/page85925.htm
page85927,Детский сад,388,331,Ново-Савиновский,https://edu.tatar.ru/nsav/page85927.htm
madou371,Детский сад,371,175,Ново-Савиновский,https://edu.tatar.ru/nsav/kazan/madou371
page85930,Детский сад,370,281,Ново-Савиновский,https://edu.tatar.ru/nsav/page85930.htm
page85931,Детский сад,248,265,Ново-Савиновский,https://edu.tatar.ru/nsav/page85931.htm
page85932,Детский сад,145,193,Ново-Савиновский,https://edu.tatar.ru/nsav/page85932.htm
page85935,Детский сад,414,564,Ново-Савиновский,https://edu.tatar.ru/nsav/page85935.htm
page85938,Детский сад,19,205,Ново-Савиновский,https://edu.tatar.ru/nsav/page85938.htm
page85939,Детский сад,397,299,Ново-Савиновский,https://edu.tatar.ru/nsav/page85939.htm
page85940,Детский сад,70,239,Ново-Савиновский,https://edu.tatar.ru/nsav/page85940.htm
page85941,Детский сад,393,281,Ново-Савиновский,https://edu.tatar.ru/nsav/page85941.htm
detsad86,Детский сад,86,226,Ново-Савиновский,https://edu.tatar.ru/nsav/kazan/detsad86
page85943,Детский сад,391,240,Ново-Савиновский,https://edu.tatar.ru/nsav/page85943.htm
madou380,Детский сад,380,311,Ново-Савиновский,https://edu.tatar.ru/nsav/kazan/madou380
page85945,Детский сад,297,247,Ново-Савиновский,https://edu.tatar.ru/nsav/page85945.htm
dou170,Детский сад,170,141,Ново-Савиновский,https://edu.tatar.ru/nsav/nkamsk/dou170
dou129,Детский сад,129,320,Ново-Савиновский,https://edu.tatar.ru/nsav/dou129
ds_99,Детский сад,99,467,Ново-Савиновский,https://edu.tatar.ru/nsav/ds_99
page634988,Детский сад,117,310,Ново-Савиновский,https://edu.tatar.ru/nsav/page634988.htm
page636009,Детский сад,192,151,Ново-Савиновский,https://edu.tatar.ru/nsav/page636009.htm
page636017,Детский сад,110,316,Ново-Савиновский,https://edu.tatar.ru/nsav/page636017.htm
page636021,Детский сад,208,138,Ново-Савиновский,https://edu.tatar.ru/nsav/page636021.htm
page2052440,Детский сад,87,263,Ново-Савиновский,https://edu.tatar.ru/nsav/page2052440.htm
page2156964,Детский сад,85,281,Ново-Савиновский,https://edu.tatar.ru/nsav/page2156964.htm
page2165701,Детский сад,18,124,Ново-Савиновский,https://edu.tatar.ru/nsav/page2165701.htm
org6932,Детский сад,150,294,Ново-Савиновский,https://edu.tatar.ru/nsav/org6932
org6969,Детский сад,303,158,Ново-Савиновский,https://edu.tatar.ru/nsav/org6969
org6970,Детский сад,Без номера,166,Ново-Савиновский,https://edu.tatar.ru/nsav/org6970
page2366,Школа,10,871,Приволжский,https://edu.tatar.ru/priv/page2366.htm
gym_19,Школа,19,1879,Приволжский,https://edu.tatar.ru/priv/gym_19
page2371,Школа,21,847,Приволжский,https://edu.tatar.ru/priv/page2371.htm
sch_24,Школа,24,1168,Приволжский,https://edu.tatar.ru/priv/sch_24
page2373,Школа,40,840,Приволжский,https://edu.tatar.ru/priv/page2373.htm
school42,Школа,42,1421,Приволжский,https://edu.tatar.ru/priv/school42
page2376,Школа,48,736,Приволжский,https://edu.tatar.ru/priv/page2376.htm
page2377,Школа,52,1516,Приволжский,https://edu.tatar.ru/priv/page2377.htm
school68,Школа,68,801,Приволжский,https://edu.tatar.ru/priv/school68
school69_kazan,Школа,69,1556,Приволжский,https://edu.tatar.ru/priv/school69_kazan
school78,Школа,78,1294,Приволжский,https://edu.tatar.ru/priv/school78
page2381,Школа,82,629,Приволжский,https://edu.tatar.ru/priv/page2381.htm
licei83,Школа,83,2675,Приволжский,https://edu.tatar.ru/priv/licei83
page2383,Школа,88,543,Приволжский,https://edu.tatar.ru/priv/page2383.htm
page2386,Школа,100,400,Приволжский,https://edu.tatar.ru/priv/page2386.htm
page2387,Школа,114,601,Приволжский,https://edu.tatar.ru/priv/page2387.htm
page2388,Школа,127,991,Приволжский,https://edu.tatar.ru/priv/page2388.htm
sch129,Школа,129,1115,Приволжский,https://edu.tatar.ru/priv/sch129
page2390,Школа,136,577,Приволжский,https://edu.tatar.ru/priv/page2390.htm
page2392,Школа,139,1448,Приволжский,https://edu.tatar.ru/priv/page2392.htm
page2396,Школа,173,555,Приволжский,https://edu.tatar.ru/priv/page2396.htm
page2397,Школа,36,201,Приволжский,https://edu.tatar.ru/priv/page2397.htm
page782961,Школа,35,0,Приволжский,https://edu.tatar.ru/priv/page782961.htm
page2505010,Школа,73,470,Приволжский,https://edu.tatar.ru/priv/page2505010.htm
page3897309,Школа,186,0,Приволжский,https://edu.tatar.ru/priv/page3897309.htm
org6983,Школа,133,657,Приволжский,https://edu.tatar.ru/priv/org6983
page85949,Детский сад,13,260,Приволжский,https://edu.tatar.ru/priv/page85949.htm
page85977,Детский сад,25,295,Приволжский,https://edu.tatar.ru/priv/page85977.htm
page85953,Детский сад,27,184,Приволжский,https://edu.tatar.ru/priv/page85953.htm
page85980,Детский сад,35,280,Приволжский,https://edu.tatar.ru/priv/page85980.htm
page85983,Детский сад,43,286,Приволжский,https://edu.tatar.ru/priv/page85983.htm
page85965,Детский сад,47,167,Приволжский,https://edu.tatar.ru/priv/page85965.htm
page86002,Детский сад,55,301,Приволжский,https://edu.tatar.ru/priv/page86002.htm
page85969,Детский сад,71,331,Приволжский,https://edu.tatar.ru/priv/page85969.htm
page86000,Детский сад,106,312,Приволжский,https://edu.tatar.ru/priv/page86000.htm
page85978,Детский сад,116,152,Приволжский,https://edu.tatar.ru/priv/page85978.htm
page85994,Детский сад,130,406,Приволжский,https://edu.tatar.ru/priv/page85994.htm
page85973,Детский сад,131,331,Приволжский,https://edu.tatar.ru/priv/page85973.htm
page85999,Детский сад,139,305,Приволжский,https://edu.tatar.ru/priv/page85999.htm
page85993,Детский сад,156,315,Приволжский,https://edu.tatar.ru/priv/page85993.htm
dou157,Детский сад,157,148,Приволжский,https://edu.tatar.ru/priv/kasan/dou157
page85967,Детский сад,161,190,Приволжский,https://edu.tatar.ru/priv/page85967.htm
page85996,Детский сад,163,167,Приволжский,https://edu.tatar.ru/priv/page85996.htm
dou_194,Детский сад,194,270,Приволжский,https://edu.tatar.ru/priv/dou_194
page85959,Детский сад,242,349,Приволжский,https://edu.tatar.ru/priv/page85959.htm
mdou247,Детский сад,247,405,Приволжский,https://edu.tatar.ru/priv/mdou247
madou274,Детский сад,274,140,Приволжский,https://edu.tatar.ru/priv/priwolzskij/madou274
page85971,Детский сад,358,165,Приволжский,https://edu.tatar.ru/priv/page85971.htm
page85991,Детский сад,307,140,Приволжский,https://edu.tatar.ru/priv/page85991.htm
page85981,Детский сад,320,240,Приволжский,https://edu.tatar.ru/priv/page85981.htm
page85995,Детский сад,342,250,Приволжский,https://edu.tatar.ru/priv/page85995.htm
kazan,Детский сад,357,346,Приволжский,https://edu.tatar.ru/priv/kazan
page85988,Детский сад,363,240,Приволжский,https://edu.tatar.ru/priv/page85988.htm
page85979,Детский сад,369,156,Приволжский,https://edu.tatar.ru/priv/page85979.htm
page85957,Детский сад,373,321,Приволжский,https://edu.tatar.ru/priv/page85957.htm
page85984,Детский сад,374,152,Приволжский,https://edu.tatar.ru/priv/page85984.htm
page85998,Детский сад,379,280,Приволжский,https://edu.tatar.ru/priv/page85998.htm
page85985,Детский сад,382,270,Приволжский,https://edu.tatar.ru/priv/page85985.htm
page85976,Детский сад,383,295,Приволжский,https://edu.tatar.ru/priv/page85976.htm
dou385,Детский сад,385,294,Приволжский,https://edu.tatar.ru/priv/priv/dou385
madou396,Детский сад,396,361,Приволжский,https://edu.tatar.ru/priv/madou396
page522842,Детский сад,17,171,Приволжский,https://edu.tatar.ru/priv/page522842.htm
page522844,Детский сад,32,272,Приволжский,https://edu.tatar.ru/priv/page522844.htm
page523352,Детский сад,31,363,Приволжский,https://edu.tatar.ru/priv/page523352.htm
page1180715,Детский сад,5,115,Приволжский,https://edu.tatar.ru/priv/page1180715.htm
page2183737,Детский сад,94,154,Приволжский,https://edu.tatar.ru/priv/page2183737.htm
page2255618,Детский сад,79,222,Приволжский,https://edu.tatar.ru/priv/page2255618.htm
page2255623,Детский сад,90,181,Приволжский,https://edu.tatar.ru/priv/page2255623.htm
page2676349,Детский сад,140,185,Приволжский,https://edu.tatar.ru/priv/page2676349.htm
page2765657,Детский сад,137,175,Приволжский,https://edu.tatar.ru/priv/page2765657.htm
page2812981,Детский сад,144,373,Приволжский,https://edu.tatar.ru/priv/page2812981.htm
page3153043,Детский сад,73,170,Приволжский,https://edu.tatar.ru/priv/page3153043.htm
page3960397,Детский сад,36,332,Приволжский,https://edu.tatar.ru/priv/page3960397.htm
page3966351,Детский сад,33,578,Приволжский,https://edu.tatar.ru/priv/page3966351.htm
page4013553,Детский сад,138,220,Приволжский,https://edu.tatar.ru/priv/page4013553.htm
page4014787,Детский сад,Без номера,120,Приволжский,https://edu.tatar.ru/priv/page4014787.htm
gim8,Школа,8,1864,Советский,https://edu.tatar.ru/sovetcki/gim8
page2412,Школа,11,623,Советский,https://edu.tatar.ru/sovetcki/page2412.htm
sch15,Школа,15,730,Советский,https://edu.tatar.ru/sovetcki/sch15
page2414,Школа,20,757,Советский,https://edu.tatar.ru/sovetcki/page2414.htm
page2415,Школа,22,1087,Советский,https://edu.tatar.ru/sovetcki/page2415.htm
page786,Школа,47,1097,Советский,https://edu.tatar.ru/sovetcki/page786.htm
page2418,Школа,72,707,Советский,https://edu.tatar.ru/sovetcki/page2418.htm
page2420,Школа,84,604,Советский,https://edu.tatar.ru/sovetcki/page2420.htm
page2421,Школа,86,1017,Советский,https://edu.tatar.ru/sovetcki/page2421.htm
page2423,Школа,93,815,Советский,https://edu.tatar.ru/sovetcki/page2423.htm
page2424,Школа,101,1273,Советский,https://edu.tatar.ru/sovetcki/page2424.htm
page2425,Школа,108,253,Советский,https://edu.tatar.ru/sovetcki/page2425.htm
page2427,Школа,110,716,Советский,https://edu.tatar.ru/sovetcki/page2427.htm
page2428,Школа,111,725,Советский,https://edu.tatar.ru/sovetcki/page2428.htm
page2431,Школа,124,647,Советский,https://edu.tatar.ru/sovetcki/page2431.htm
gym125,Школа,125,1378,Советский,https://edu.tatar.ru/sovetcki/gym125
page2433,Школа,126,530,Советский,https://edu.tatar.ru/sovetcki/page2433.htm
school140,Школа,140,637,Советский,https://edu.tatar.ru/sovetcki/school140
page2437,Школа,144,1084,Советский,https://edu.tatar.ru/sovetcki/page2437.htm
lyceum149,Школа,149,1141,Советский,https://edu.tatar.ru/sovetcki/lyceum149
page2440,Школа,156,934,Советский,https://edu.tatar.ru/sovetcki/page2440.htm
page2441,Школа,159,1091,Советский,https://edu.tatar.ru/sovetcki/page2441.htm
page2442,Школа,161,1046,Советский,https://edu.tatar.ru/sovetcki/page2442.htm
sch169,Школа,169,1372,Советский,https://edu.tatar.ru/sovetcki/kazan/sch169
mbou_171,Школа,171,1141,Советский,https://edu.tatar.ru/sovetcki/mbou_171
mou_174,Школа,174,1084,Советский,https://edu.tatar.ru/sovetcki/mou_174
page2449,Школа,175,1146,Советский,https://edu.tatar.ru/sovetcki/page2449.htm
tcentr_sch178,Школа,121,1746,Советский,https://edu.tatar.ru/sovetcki/tcentr_sch178
page8967,Школа,4,194,Советский,https://edu.tatar.ru/sovetcki/page8967.htm
page2456,Школа,Без номера,184,Советский,https://edu.tatar.ru/sovetcki/page2456.htm
page2454,Школа,142,400,Советский,https://edu.tatar.ru/sovetcki/page2454.htm
page441113,Школа,11,165,Советский,https://edu.tatar.ru/sovetcki/page441113.htm
page3339872,Школа,180,1810,Советский,https://edu.tatar.ru/sovetcki/page3339872.htm
page3340313,Школа,181,2144,Советский,https://edu.tatar.ru/sovetcki/page3340313.htm
page3678563,Школа,183,2625,Советский,https://edu.tatar.ru/sovetcki/page3678563.htm
page3677756,Школа,184,2626,Советский,https://edu.tatar.ru/sovetcki/page3677756.htm
vesnalic,Школа,185,2959,Советский,https://edu.tatar.ru/sovetcki/vesnalic
org6827,Школа,Без номера,0,Советский,https://edu.tatar.ru/sovetcki/org6827
org6855,Школа,187,1959,Советский,https://edu.tatar.ru/sovetcki/org6855
org6908,Школа,Без номера,198,Советский,https://edu.tatar.ru/sovetcki/org6908
org6914,Школа,11,1861,Советский,https://edu.tatar.ru/sovetcki/org6914
org6981,Школа,79,658,Советский,https://edu.tatar.ru/sovetcki/org6981
org6982,Школа,95,820,Советский,https://edu.tatar.ru/sovetcki/org6982
page86069,Детский сад,11,144,Советский,https://edu.tatar.ru/sovetcki/page86069.htm
page86055,Детский сад,59,230,Советский,https://edu.tatar.ru/sovetcki/page86055.htm
page86072,Детский сад,65,285,Советский,https://edu.tatar.ru/sovetcki/page86072.htm
page86052,Детский сад,76,85,Советский,https://edu.tatar.ru/sovetcki/page86052.htm
page86026,Детский сад,100,300,Советский,https://edu.tatar.ru/sovetcki/page86026.htm
dou_104,Детский сад,104,237,Советский,https://edu.tatar.ru/sovetcki/dou_104
madou109,Детский сад,109,311,Советский,https://edu.tatar.ru/sovetcki/kazan/madou109
dou127,Детский сад,127,157,Советский,https://edu.tatar.ru/sovetcki/dou127
page86011,Детский сад,143,341,Советский,https://edu.tatar.ru/sovetcki/page86011.htm
page86051,Детский сад,148,116,Советский,https://edu.tatar.ru/sovetcki/page86051.htm
page86067,Детский сад,153,140,Советский,https://edu.tatar.ru/sovetcki/page86067.htm
page86038,Детский сад,155,120,Советский,https://edu.tatar.ru/sovetcki/page86038.htm
page86054,Детский сад,167,160,Советский,https://edu.tatar.ru/sovetcki/page86054.htm
page233130,Детский сад,168,355,Советский,https://edu.tatar.ru/sovetcki/page233130.htm
page233051,Детский сад,180,170,Советский,https://edu.tatar.ru/sovetcki/page233051.htm
dou_181,Детский сад,181,362,Советский,https://edu.tatar.ru/sovetcki/dou_181
aboutdou185,Детский сад,185,539,Советский,https://edu.tatar.ru/sovetcki/aboutdou185
page86034,Детский сад,211,182,Советский,https://edu.tatar.ru/sovetcki/page86034.htm
page86039,Детский сад,213,260,Советский,https://edu.tatar.ru/sovetcki/page86039.htm
page86062,Детский сад,230,129,Советский,https://edu.tatar.ru/sovetcki/page86062.htm
page86041,Детский сад,233,163,Советский,https://edu.tatar.ru/sovetcki/page86041.htm
mdou253,Детский сад,253,105,Советский,https://edu.tatar.ru/sovetcki/mdou253
page86009,Детский сад,235,334,Советский,https://edu.tatar.ru/sovetcki/page86009.htm
page86035,Детский сад,272,266,Советский,https://edu.tatar.ru/sovetcki/page86035.htm
page86066,Детский сад,276,447,Советский,https://edu.tatar.ru/sovetcki/page86066.htm
page86031,Детский сад,293,248,Советский,https://edu.tatar.ru/sovetcki/page86031.htm
dou298,Детский сад,298,254,Советский,https://edu.tatar.ru/sovetcki/kazan/dou298
dou305,Детский сад,305,364,Советский,https://edu.tatar.ru/sovetcki/kazan/dou305
page86063,Детский сад,324,178,Советский,https://edu.tatar.ru/sovetcki/page86063.htm
ds_327,Детский сад,327,174,Советский,https://edu.tatar.ru/sovetcki/ds_327
page86065,Детский сад,328,281,Советский,https://edu.tatar.ru/sovetcki/page86065.htm
page86050,Детский сад,330,380,Советский,https://edu.tatar.ru/sovetcki/page86050.htm
page86036,Детский сад,332,375,Советский,https://edu.tatar.ru/sovetcki/page86036.htm
page86071,Детский сад,333,257,Советский,https://edu.tatar.ru/sovetcki/page86071.htm
page86043,Детский сад,336,178,Советский,https://edu.tatar.ru/sovetcki/page86043.htm
page233067,Детский сад,352,171,Советский,https://edu.tatar.ru/sovetcki/page233067.htm
page86046,Детский сад,377,338,Советский,https://edu.tatar.ru/sovetcki/page86046.htm
page86061,Детский сад,390,235,Советский,https://edu.tatar.ru/sovetcki/page86061.htm
page86030,Детский сад,394,331,Советский,https://edu.tatar.ru/sovetcki/page86030.htm
page86023,Детский сад,398,336,Советский,https://edu.tatar.ru/sovetcki/page86023.htm
page86024,Детский сад,399,365,Советский,https://edu.tatar.ru/sovetcki/page86024.htm
madou408,Детский сад,408,0,Советский,https://edu.tatar.ru/sovetcki/kazan/madou408
page2429,Детский сад,114,315,Советский,https://edu.tatar.ru/sovetcki/page2429.htm
page595605,Детский сад,60,152,Советский,https://edu.tatar.ru/sovetcki/page595605.htm
dou48,Детский сад,48,153,Советский,https://edu.tatar.ru/sovetcki/kazan/dou48
page595627,Детский сад,39,151,Советский,https://edu.tatar.ru/sovetcki/page595627.htm
page595629,Детский сад,68,154,Советский,https://edu.tatar.ru/sovetcki/page595629.htm
page595635,Детский сад,67,257,Советский,https://edu.tatar.ru/sovetcki/page595635.htm
page595640,Детский сад,40,158,Советский,https://edu.tatar.ru/sovetcki/page595640.htm
page595647,Детский сад,64,160,Советский,https://edu.tatar.ru/sovetcki/page595647.htm
page595658,Детский сад,54,168,Советский,https://edu.tatar.ru/sovetcki/page595658.htm
page595662,Детский сад,50,330,Советский,https://edu.tatar.ru/sovetcki/page595662.htm
page595666,Детский сад,103,155,Советский,https://edu.tatar.ru/sovetcki/page595666.htm
dou_402,Детский сад,402,324,Советский,https://edu.tatar.ru/sovetcki/dou_402
dou_6,Детский сад,6,181,Советский,https://edu.tatar.ru/sovetcki/dou_6
mbdoo3,Детский сад,3,350,Советский,https://edu.tatar.ru/sovetcki/mbdoo3
page2087124,Детский сад,120,230,Советский,https://edu.tatar.ru/sovetcki/page2087124.htm
page2107053,Детский сад,119,181,Советский,https://edu.tatar.ru/sovetcki/page2107053.htm
dou124,Детский сад,124,177,Советский,https://edu.tatar.ru/sovetcki/kzn/dou124
dou8,Детский сад,8,182,Советский,https://edu.tatar.ru/sovetcki/kazan/dou8
page2147551,Детский сад,112,166,Советский,https://edu.tatar.ru/sovetcki/page2147551.htm
page2820820,Детский сад,177,470,Советский,https://edu.tatar.ru/sovetcki/page2820820.htm
page2820823,Детский сад,186,163,Советский,https://edu.tatar.ru/sovetcki/page2820823.htm
page2866323,Детский сад,154,152,Советский,https://edu.tatar.ru/sovetcki/page2866323.htm
page2866337,Детский сад,175,371,Советский,https://edu.tatar.ru/sovetcki/page2866337.htm
page2919242,Детский сад,146,333,Советский,https://edu.tatar.ru/sovetcki/page2919242.htm
page3675638,Детский сад,135,465,Советский,https://edu.tatar.ru/sovetcki/page3675638.htm
page3675641,Детский сад,159,470,Советский,https://edu.tatar.ru/sovetcki/page3675641.htm
page3944692,Детский сад,115,457,Советский,https://edu.tatar.ru/sovetcki/page3944692.htm
page3944694,Детский сад,158,409,Советский,https://edu.tatar.ru/sovetcki/page3944694.htm
page3947667,Детский сад,183,353,Советский,https://edu.tatar.ru/sovetcki/page3947667.htm
org6883,Детский сад,187,243,Советский,https://edu.tatar.ru/sovetcki/org6883
org6884,Детский сад,182,309,Советский,https://edu.tatar.ru/sovetcki/org6884
org6885,Детский сад,178,340,Советский,https://edu.tatar.ru/sovetcki/org6885
org6920,Детский сад,Без номера,98,Советский,https://edu.tatar.ru/sovetcki/org6920
org6927,Детский сад,189,220,Советский,https://edu.tatar.ru/sovetcki/org6927
org6928,Детский сад,162,286,Советский,https://edu.tatar.ru/sovetcki/org6928
org6991,Детский сад,Без номера,0,Советский,https://edu.tatar.ru/sovetcki/org6991
litsey26,Школа,26,452,Авиастроительный,https://edu.tatar.ru/aviastroit/litsey26
page1071801,Школа,Без номера,167,Авиастроительный,https://edu.tatar.ru/aviastroit/page1071801.htm
avia_ds_300,Детский сад,300,328,Авиастроительный,https://edu.tatar.ru/aviastroit/avia_ds_300
page85737,Детский сад,10,350,Авиастроительный,https://edu.tatar.ru/aviastroit/page85737.htm
page85745,Детский сад,141,270,Авиастроительный,https://edu.tatar.ru/aviastroit/page85745.htm
page85743,Детский сад,152,234,Авиастроительный,https://edu.tatar.ru/aviastroit/page85743.htm
page85740,Детский сад,268,155,Авиастроительный,https://edu.tatar.ru/aviastroit/page85740.htm
page85749,Детский сад,299,161,Авиастроительный,https://edu.tatar.ru/aviastroit/page85749.htm
page85750,Детский сад,308,189,Авиастроительный,https://edu.tatar.ru/aviastroit/page85750.htm
page85738,Детский сад,348,228,Авиастроительный,https://edu.tatar.ru/aviastroit/page85738.htm
madou353,Детский сад,353,224,Авиастроительный,https://edu.tatar.ru/aviastroit/kazan/madou353
page85736,Детский сад,366,284,Авиастроительный,https://edu.tatar.ru/aviastroit/page85736.htm
page85751,Детский сад,368,293,Авиастроительный,https://edu.tatar.ru/aviastroit/page85751.htm
madou375,Детский сад,375,250,Авиастроительный,https://edu.tatar.ru/aviastroit/madou375
page85734,Детский сад,392,274,Авиастроительный,https://edu.tatar.ru/aviastroit/page85734.htm
page85739,Детский сад,400,124,Авиастроительный,https://edu.tatar.ru/aviastroit/page85739.htm
page85753,Детский сад,404,305,Авиастроительный,https://edu.tatar.ru/aviastroit/page85753.htm
page85754,Детский сад,407,160,Авиастроительный,https://edu.tatar.ru/aviastroit/page85754.htm
page85748,Детский сад,72,402,Авиастроительный,https://edu.tatar.ru/aviastroit/page85748.htm
page85744,Детский сад,365,253,Авиастроительный,https://edu.tatar.ru/aviastroit/page85744.htm
page85733,Детский сад,111,236,Авиастроительный,https://edu.tatar.ru/aviastroit/page85733.htm
page85741,Детский сад,172,62,Авиастроительный,https://edu.tatar.ru/aviastroit/page85741.htm
page2095895,Детский сад,20,140,Авиастроительный,https://edu.tatar.ru/aviastroit/page2095895.htm
page2206658,Детский сад,22,116,Авиастроительный,https://edu.tatar.ru/aviastroit/page2206658.htm
page2106408,Детский сад,78,273,Авиастроительный,https://edu.tatar.ru/aviastroit/page2106408.htm
page2027954,Детский сад,9,150,Авиастроительный,https://edu.tatar.ru/aviastroit/page2027954.htm
page627867,Детский сад,14,300,Авиастроительный,https://edu.tatar.ru/aviastroit/page627867.htm
detsad26,Детский сад,26,162,Авиастроительный,https://edu.tatar.ru/aviastroit/detsad26
page3012383,Детский сад,123,281,Авиастроительный,https://edu.tatar.ru/aviastroit/page3012383.htm
page2215,Школа,5,880,Вахитовский,https://edu.tatar.ru/vahit/page2215.htm
page2234,Школа,98,592,Вахитовский,https://edu.tatar.ru/vahit/page2234.htm
page3000626,Школа,Без номера,88,Вахитовский,https://edu.tatar.ru/vahit/page3000626.htm
page2253,Школа,135,856,Кировский,https://edu.tatar.ru/kirov/page2253.htm
page2254,Школа,137,843,Кировский,https://edu.tatar.ru/kirov/page2254.htm
page85826,Детский сад,218,260,Кировский,https://edu.tatar.ru/kirov/page85826.htm
page3941259,Детский сад,122,368,Кировский,https://edu.tatar.ru/kirov/page3941259.htm
page2279,Школа,102,1739,Московский,https://edu.tatar.ru/moskow/page2279.htm
122,Школа,122,1098,Московский,https://edu.tatar.ru/moskow/122.ru
page2289,Школа,Без номера,0,Московский,https://edu.tatar.ru/moskow/page2289.htm
page2320,Школа,172,63,Московский,https://edu.tatar.ru/moskow/page2320.htm
page85884,Детский сад,126,155,Московский,https://edu.tatar.ru/moskow/page85884.htm
page85882,Детский сад,222,145,Московский,https://edu.tatar.ru/moskow/page85882.htm
page2300,Школа,23,1084,Ново-Савиновский,https://edu.tatar.ru/nsav/page2300.htm
page2302,Школа,31,613,Ново-Савиновский,https://edu.tatar.ru/nsav/page2302.htm
page2311,Школа,103,965,Ново-Савиновский,https://edu.tatar.ru/nsav/page2311.htm
page2316,Школа,155,1214,Ново-Савиновский,https://edu.tatar.ru/nsav/page2316.htm
page2318,Школа,170,1575,Ново-Савиновский,https://edu.tatar.ru/nsav/page2318.htm
page85906,Детский сад,315,153,Ново-Савиновский,https://edu.tatar.ru/nsav/page85906.htm
dou292,Детский сад,292,123,Ново-Савиновский,https://edu.tatar.ru/nsav/dou292
page85934,Детский сад,411,320,Ново-Савиновский,https://edu.tatar.ru/nsav/page85934.htm
page85936,Детский сад,16,234,Ново-Савиновский,https://edu.tatar.ru/nsav/page85936.htm
page85937,Детский сад,61,250,Ново-Савиновский,https://edu.tatar.ru/nsav/page85937.htm
ds_151,Детский сад,151,260,Ново-Савиновский,https://edu.tatar.ru/nsav/ds_151
detsad28,Детский сад,28,268,Ново-Савиновский,https://edu.tatar.ru/nsav/detsad28
page2365,Школа,6,2235,Приволжский,https://edu.tatar.ru/priv/page2365.htm
page2367,Школа,16,1329,Приволжский,https://edu.tatar.ru/priv/page2367.htm
page2368,Школа,17,165,Приволжский,https://edu.tatar.ru/priv/page2368.htm
g18,Школа,18,771,Приволжский,https://edu.tatar.ru/priv/g18
page2385,Школа,97,293,Приволжский,https://edu.tatar.ru/priv/page2385.htm
page2393,Школа,150,977,Приволжский,https://edu.tatar.ru/priv/page2393.htm
vizitka,Школа,76,348,Приволжский,https://edu.tatar.ru/vahit/kazan/shc76/vizitka
page85987,Детский сад,23,140,Приволжский,https://edu.tatar.ru/priv/page85987.htm
page86001,Детский сад,42,266,Приволжский,https://edu.tatar.ru/priv/page86001.htm
page85992,Детский сад,160,145,Приволжский,https://edu.tatar.ru/priv/page85992.htm
page3153061,Детский сад,4,172,Приволжский,https://edu.tatar.ru/priv/page3153061.htm
page2422,Школа,90,935,Советский,https://edu.tatar.ru/sovetcki/page2422.htm
page2436,Школа,141,1170,Советский,https://edu.tatar.ru/sovetcki/page2436.htm
page2444,Школа,167,1343,Советский,https://edu.tatar.ru/sovetcki/page2444.htm
progimnazia29,Школа,29,231,Советский,https://edu.tatar.ru/sovetcki/progimnazia29.ru
page86074,Детский сад,166,267,Советский,https://edu.tatar.ru/sovetcki/page86074.htm
page86040,Детский сад,224,282,Советский,https://edu.tatar.ru/sovetcki/page86040.htm
page86022,Детский сад,261,330,Советский,https://edu.tatar.ru/sovetcki/page86022.htm
page86047,Детский сад,316,179,Советский,https://edu.tatar.ru/sovetcki/page86047.htm
page2102773,Детский сад,113,162,Советский,https://edu.tatar.ru/sovetcki/page2102773.htm
"page2195","Школа","115","524","Авиастроительный","https://edu.tatar.ru/aviastroit/page2195.htm"
"page2186","Школа","14","1118","Авиастроительный","https://edu.tatar.ru/aviastroit/page2186.htm"
"page2255","Школа","151","744","Кировский","https://edu.tatar.ru/kirov/page2255.htm"
"","Детский сад","387","800","Московский","https://edu.tatar.ru/moskow/kazan/maoy387/.htm"
"dou12","Детский сад","12","152","Ново-Савиновский","https://edu.tatar.ru/nsav/dou12.htm"
"detsad","Детский сад","171","252","Советский","https://edu.tatar.ru/sovetcki/detsad"
